{
    "mse": 21.559858156289213,
    "rmse": 4.643259432369595,
    "mae": 1.192956336993099,
    "r2": -4.4868114904325065,
    "features": [
        "profundidad_media",
        "Vs (m/s)",
        "Nspt",
        "(N1)60",
        "Gravas",
        "Arenas",
        "Finos",
        "LL %",
        "LP",
        "IP %",
        "W%",
        "SUCS"
    ]
}