{
    "mse": 203.83124085038975,
    "rmse": 14.27694788287713,
    "mae": 2.0563100888179253,
    "r2": 0.35196817398540836,
    "features": [
        "profundidad_media",
        "Vs (m/s)",
        "Nspt",
        "(N1)60",
        "Gravas",
        "Arenas",
        "Finos",
        "LL %",
        "LP",
        "IP %",
        "W%",
        "SUCS"
    ]
}