{
    "mse": 717.3265469196414,
    "rmse": 26.782952542982287,
    "mae": 20.460518223527735,
    "r2": 0.18883792604739824,
    "features": [
        "profundidad_media",
        "Vs (m/s)",
        "Gravas",
        "Arenas",
        "Finos",
        "LL %",
        "LP",
        "IP %",
        "W%",
        "SUCS"
    ]
}