{
    "mse": 545.3196806846246,
    "rmse": 23.35208086412482,
    "mae": 16.775604040686165,
    "r2": 0.268682014523694,
    "features": [
        "profundidad_media",
        "Vs (m/s)",
        "Gravas",
        "Arenas",
        "Finos",
        "LL %",
        "LP",
        "IP %",
        "W%",
        "SUCS"
    ]
}